{"cameraMode":{"drawMode":0,"name":"Shaded","section":"Shading Mode"},"sceneLighting":true,"audioPlay":false,"sceneViewState":{"showFog":true,"showMaterialUpdate":false,"showSkybox":true,"showFlares":true,"showImageEffects":true,"showParticleSystems":true},"in2DMode":false,"pivot":{"x":-3.5010390281677248,"y":-1.067057490348816,"z":-2.605762481689453},"rotation":{"x":-0.10690678656101227,"y":0.7754810452461243,"z":-0.13655926287174226,"w":-0.607089102268219},"size":4.8099870681762699,"orthographic":false}